Customer_ID,Name,Gender,Age,City,Income_Group,Age Group
CUST0001,Customer_1,Other,20,City_1,Medium,Under 25
CUST0002,Customer_2,Male,48,City_2,High,41-60
CUST0003,Customer_3,Other,57,City_3,Medium,41-60
CUST0004,Customer_4,Other,54,City_4,Medium,41-60
CUST0005,Customer_5,Male,53,City_5,Medium,41-60
CUST0006,Customer_6,Male,41,City_6,Medium,41-60
CUST0007,Customer_7,Other,48,City_7,Medium,41-60
CUST0008,Customer_8,Female,23,City_8,Medium,Under 25
CUST0009,Customer_9,Other,19,City_9,Medium,Under 25
CUST0010,Customer_10,Other,37,City_10,Low,25-40
CUST0011,Customer_11,Other,45,City_11,Medium,41-60
CUST0012,Customer_12,Other,28,City_12,Medium,25-40
CUST0013,Customer_13,Male,21,City_13,Medium,Under 25
CUST0014,Customer_14,Other,32,City_14,Medium,25-40
CUST0015,Customer_15,Female,23,City_15,Medium,Under 25
CUST0016,Customer_16,Male,47,City_16,High,41-60
CUST0017,Customer_17,Female,55,City_17,Low,41-60
CUST0018,Customer_18,Female,19,City_18,Medium,Under 25
CUST0019,Customer_19,Female,32,City_19,Medium,25-40
CUST0020,Customer_20,Female,28,City_20,Medium,25-40
CUST0021,Customer_21,Male,25,City_21,High,25-40
CUST0022,Customer_22,Male,43,City_22,Low,41-60
CUST0023,Customer_23,Female,62,City_23,Medium,60+
CUST0024,Customer_24,Female,61,City_24,Medium,60+
CUST0025,Customer_25,Male,22,City_25,Medium,Under 25
CUST0026,Customer_26,Male,23,City_26,Medium,Under 25
CUST0027,Customer_27,Male,43,City_27,Medium,41-60
CUST0028,Customer_28,Other,21,City_28,Medium,Under 25
CUST0029,Customer_29,Other,36,City_29,Medium,25-40
CUST0030,Customer_30,Other,37,City_30,Low,25-40
CUST0031,Customer_31,Female,50,City_31,Medium,41-60
CUST0032,Customer_32,Other,37,City_32,Low,25-40
CUST0033,Customer_33,Female,29,City_33,Medium,25-40
CUST0034,Customer_34,Female,64,City_34,Medium,60+
CUST0035,Customer_35,Other,18,City_35,Medium,Under 25
CUST0036,Customer_36,Female,43,City_36,Medium,41-60
CUST0037,Customer_37,Other,31,City_37,Low,25-40
CUST0038,Customer_38,Other,55,City_38,Medium,41-60
CUST0039,Customer_39,Male,54,City_39,Medium,41-60
CUST0040,Customer_40,Other,28,City_40,Medium,25-40
CUST0041,Customer_41,Male,53,City_41,High,41-60
CUST0042,Customer_42,Other,30,City_42,Low,25-40
CUST0043,Customer_43,Other,60,City_43,Medium,41-60
CUST0044,Customer_44,Male,20,City_44,Medium,Under 25
CUST0045,Customer_45,Male,50,City_45,Medium,41-60
CUST0046,Customer_46,Other,23,City_46,Low,Under 25
CUST0047,Customer_47,Female,27,City_47,Low,25-40
CUST0048,Customer_48,Male,22,City_48,High,Under 25
CUST0049,Customer_49,Female,40,City_49,Medium,25-40
CUST0050,Customer_50,Female,27,City_50,Medium,25-40
CUST0051,Customer_51,Female,61,City_51,Medium,60+
CUST0052,Customer_52,Male,19,City_52,Medium,Under 25
CUST0053,Customer_53,Female,30,City_53,Low,25-40
CUST0054,Customer_54,Male,57,City_54,Medium,41-60
CUST0055,Customer_55,Female,19,City_55,Medium,Under 25
CUST0056,Customer_56,Other,37,City_56,High,25-40
CUST0057,Customer_57,Other,18,City_57,Low,Under 25
CUST0058,Customer_58,Male,54,City_58,Medium,41-60
CUST0059,Customer_59,Other,26,City_59,Medium,25-40
CUST0060,Customer_60,Other,34,City_60,Medium,25-40
CUST0061,Customer_61,Female,26,City_61,Medium,25-40
CUST0062,Customer_62,Male,28,City_62,Medium,25-40
CUST0063,Customer_63,Female,32,City_63,Medium,25-40
CUST0064,Customer_64,Female,41,City_64,Medium,41-60
CUST0065,Customer_65,Female,55,City_65,Medium,41-60
CUST0066,Customer_66,Female,52,City_66,High,41-60
CUST0067,Customer_67,Female,47,City_67,Medium,41-60
CUST0068,Customer_68,Female,48,City_68,Medium,41-60
CUST0069,Customer_69,Female,22,City_69,Low,Under 25
CUST0070,Customer_70,Male,61,City_70,High,60+
CUST0071,Customer_71,Other,31,City_71,Low,25-40
CUST0072,Customer_72,Female,28,City_72,Low,25-40
CUST0073,Customer_73,Female,26,City_73,Low,25-40
CUST0074,Customer_74,Female,51,City_74,Medium,41-60
CUST0075,Customer_75,Female,29,City_75,Low,25-40
CUST0076,Customer_76,Female,52,City_76,Low,41-60
CUST0077,Customer_77,Female,52,City_77,Low,41-60
CUST0078,Customer_78,Other,18,City_78,Low,Under 25
CUST0079,Customer_79,Other,57,City_79,Medium,41-60
CUST0080,Customer_80,Female,39,City_80,Medium,25-40
CUST0081,Customer_81,Other,46,City_81,Medium,41-60
CUST0082,Customer_82,Male,25,City_82,Medium,25-40
CUST0083,Customer_83,Female,28,City_83,Medium,25-40
CUST0084,Customer_84,Male,58,City_84,Low,41-60
CUST0085,Customer_85,Male,54,City_85,Medium,41-60
CUST0086,Customer_86,Female,31,City_86,High,25-40
CUST0087,Customer_87,Other,47,City_87,Medium,41-60
CUST0088,Customer_88,Male,52,City_88,Low,41-60
CUST0089,Customer_89,Female,38,City_89,Medium,25-40
CUST0090,Customer_90,Male,54,City_90,Medium,41-60
CUST0091,Customer_91,Male,22,City_91,Medium,Under 25
CUST0092,Customer_92,Male,36,City_92,Low,25-40
CUST0093,Customer_93,Male,31,City_93,Low,25-40
CUST0094,Customer_94,Other,43,City_94,Low,41-60
CUST0095,Customer_95,Male,21,City_95,High,Under 25
CUST0096,Customer_96,Male,42,City_96,Medium,41-60
CUST0097,Customer_97,Male,62,City_97,Low,60+
CUST0098,Customer_98,Other,59,City_98,Low,41-60
CUST0099,Customer_99,Male,42,City_99,Medium,41-60
CUST0100,Customer_100,Male,35,City_0,Low,25-40
CUST0101,Customer_101,Other,57,City_1,Low,41-60
CUST0102,Customer_102,Other,25,City_2,High,25-40
CUST0103,Customer_103,Other,56,City_3,Low,41-60
CUST0104,Customer_104,Male,57,City_4,Medium,41-60
CUST0105,Customer_105,Other,31,City_5,High,25-40
CUST0106,Customer_106,Other,49,City_6,Medium,41-60
CUST0107,Customer_107,Male,55,City_7,Low,41-60
CUST0108,Customer_108,Other,50,City_8,Low,41-60
CUST0109,Customer_109,Male,40,City_9,High,25-40
CUST0110,Customer_110,Female,32,City_10,High,25-40
CUST0111,Customer_111,Other,50,City_11,Medium,41-60
CUST0112,Customer_112,Female,42,City_12,Low,41-60
CUST0113,Customer_113,Male,34,City_13,Medium,25-40
CUST0114,Customer_114,Other,50,City_14,High,41-60
CUST0115,Customer_115,Male,64,City_15,Medium,60+
CUST0116,Customer_116,Female,19,City_16,High,Under 25
CUST0117,Customer_117,Male,31,City_17,High,25-40
CUST0118,Customer_118,Other,57,City_18,Medium,41-60
CUST0119,Customer_119,Other,57,City_19,Medium,41-60
CUST0120,Customer_120,Female,56,City_20,Medium,41-60
CUST0121,Customer_121,Male,23,City_21,Low,Under 25
CUST0122,Customer_122,Other,23,City_22,Medium,Under 25
CUST0123,Customer_123,Female,20,City_23,Medium,Under 25
CUST0124,Customer_124,Other,24,City_24,High,Under 25
CUST0125,Customer_125,Other,25,City_25,High,25-40
CUST0126,Customer_126,Male,59,City_26,Medium,41-60
CUST0127,Customer_127,Other,32,City_27,Low,25-40
CUST0128,Customer_128,Male,64,City_28,Low,60+
CUST0129,Customer_129,Other,46,City_29,Low,41-60
CUST0130,Customer_130,Female,50,City_30,Medium,41-60
CUST0131,Customer_131,Other,47,City_31,Medium,41-60
CUST0132,Customer_132,Male,56,City_32,High,41-60
CUST0133,Customer_133,Male,44,City_33,Medium,41-60
CUST0134,Customer_134,Female,53,City_34,High,41-60
CUST0135,Customer_135,Other,46,City_35,High,41-60
CUST0136,Customer_136,Other,55,City_36,Medium,41-60
CUST0137,Customer_137,Female,50,City_37,High,41-60
CUST0138,Customer_138,Other,54,City_38,Medium,41-60
CUST0139,Customer_139,Other,44,City_39,Low,41-60
CUST0140,Customer_140,Male,50,City_40,Medium,41-60
CUST0141,Customer_141,Other,21,City_41,Medium,Under 25
CUST0142,Customer_142,Other,39,City_42,Medium,25-40
CUST0143,Customer_143,Female,19,City_43,Medium,Under 25
CUST0144,Customer_144,Female,27,City_44,Medium,25-40
CUST0145,Customer_145,Male,22,City_45,Medium,Under 25
CUST0146,Customer_146,Other,27,City_46,Medium,25-40
CUST0147,Customer_147,Other,50,City_47,Medium,41-60
CUST0148,Customer_148,Other,55,City_48,Medium,41-60
CUST0149,Customer_149,Male,30,City_49,Medium,25-40
CUST0150,Customer_150,Male,48,City_50,Low,41-60
CUST0151,Customer_151,Female,64,City_51,Medium,60+
CUST0152,Customer_152,Male,53,City_52,Low,41-60
CUST0153,Customer_153,Other,62,City_53,Medium,60+
CUST0154,Customer_154,Other,41,City_54,Medium,41-60
CUST0155,Customer_155,Male,32,City_55,Medium,25-40
CUST0156,Customer_156,Other,46,City_56,Medium,41-60
CUST0157,Customer_157,Other,25,City_57,High,25-40
CUST0158,Customer_158,Male,22,City_58,High,Under 25
CUST0159,Customer_159,Male,46,City_59,High,41-60
CUST0160,Customer_160,Other,64,City_60,High,60+
CUST0161,Customer_161,Other,21,City_61,Low,Under 25
CUST0162,Customer_162,Other,29,City_62,Low,25-40
CUST0163,Customer_163,Female,62,City_63,Medium,60+
CUST0164,Customer_164,Female,19,City_64,Low,Under 25
CUST0165,Customer_165,Female,44,City_65,Medium,41-60
CUST0166,Customer_166,Male,48,City_66,Medium,41-60
CUST0167,Customer_167,Female,53,City_67,Medium,41-60
CUST0168,Customer_168,Male,53,City_68,Medium,41-60
CUST0169,Customer_169,Male,43,City_69,Medium,41-60
CUST0170,Customer_170,Female,60,City_70,Medium,41-60
CUST0171,Customer_171,Female,44,City_71,High,41-60
CUST0172,Customer_172,Female,22,City_72,Medium,Under 25
CUST0173,Customer_173,Other,37,City_73,High,25-40
CUST0174,Customer_174,Female,28,City_74,Low,25-40
CUST0175,Customer_175,Other,27,City_75,High,25-40
CUST0176,Customer_176,Male,57,City_76,Medium,41-60
CUST0177,Customer_177,Other,55,City_77,Medium,41-60
CUST0178,Customer_178,Female,23,City_78,Low,Under 25
CUST0179,Customer_179,Male,25,City_79,Medium,25-40
CUST0180,Customer_180,Male,40,City_80,Low,25-40
CUST0181,Customer_181,Male,64,City_81,Low,60+
CUST0182,Customer_182,Other,43,City_82,Medium,41-60
CUST0183,Customer_183,Female,63,City_83,Medium,60+
CUST0184,Customer_184,Male,60,City_84,Medium,41-60
CUST0185,Customer_185,Male,29,City_85,High,25-40
CUST0186,Customer_186,Male,43,City_86,Medium,41-60
CUST0187,Customer_187,Other,30,City_87,Medium,25-40
CUST0188,Customer_188,Other,57,City_88,Low,41-60
CUST0189,Customer_189,Female,35,City_89,Medium,25-40
CUST0190,Customer_190,Other,42,City_90,Medium,41-60
CUST0191,Customer_191,Male,50,City_91,High,41-60
CUST0192,Customer_192,Female,64,City_92,High,60+
CUST0193,Customer_193,Male,57,City_93,Medium,41-60
CUST0194,Customer_194,Male,60,City_94,Low,41-60
CUST0195,Customer_195,Other,29,City_95,High,25-40
CUST0196,Customer_196,Female,61,City_96,Medium,60+
CUST0197,Customer_197,Other,53,City_97,Low,41-60
CUST0198,Customer_198,Other,21,City_98,Low,Under 25
CUST0199,Customer_199,Female,22,City_99,Medium,Under 25
CUST0200,Customer_200,Male,54,City_0,Low,41-60
CUST0201,Customer_201,Male,25,City_1,High,25-40
CUST0202,Customer_202,Female,59,City_2,Medium,41-60
CUST0203,Customer_203,Male,45,City_3,Low,41-60
CUST0204,Customer_204,Female,48,City_4,High,41-60
CUST0205,Customer_205,Female,26,City_5,Medium,25-40
CUST0206,Customer_206,Other,46,City_6,Medium,41-60
CUST0207,Customer_207,Female,31,City_7,Low,25-40
CUST0208,Customer_208,Other,57,City_8,Low,41-60
CUST0209,Customer_209,Male,58,City_9,Medium,41-60
CUST0210,Customer_210,Male,39,City_10,Medium,25-40
CUST0211,Customer_211,Male,28,City_11,Medium,25-40
CUST0212,Customer_212,Male,40,City_12,Medium,25-40
CUST0213,Customer_213,Other,18,City_13,Medium,Under 25
CUST0214,Customer_214,Male,63,City_14,Low,60+
CUST0215,Customer_215,Female,54,City_15,Medium,41-60
CUST0216,Customer_216,Female,38,City_16,High,25-40
CUST0217,Customer_217,Female,43,City_17,Medium,41-60
CUST0218,Customer_218,Other,63,City_18,Medium,60+
CUST0219,Customer_219,Male,53,City_19,Low,41-60
CUST0220,Customer_220,Male,40,City_20,Medium,25-40
CUST0221,Customer_221,Male,18,City_21,Medium,Under 25
CUST0222,Customer_222,Other,57,City_22,High,41-60
CUST0223,Customer_223,Female,32,City_23,Medium,25-40
CUST0224,Customer_224,Female,38,City_24,High,25-40
CUST0225,Customer_225,Male,64,City_25,Medium,60+
CUST0226,Customer_226,Female,26,City_26,Low,25-40
CUST0227,Customer_227,Female,26,City_27,Medium,25-40
CUST0228,Customer_228,Other,27,City_28,Low,25-40
CUST0229,Customer_229,Other,43,City_29,Low,41-60
CUST0230,Customer_230,Other,58,City_30,High,41-60
CUST0231,Customer_231,Other,52,City_31,Medium,41-60
CUST0232,Customer_232,Male,42,City_32,Medium,41-60
CUST0233,Customer_233,Other,43,City_33,Low,41-60
CUST0234,Customer_234,Female,28,City_34,Medium,25-40
CUST0235,Customer_235,Male,55,City_35,Low,41-60
CUST0236,Customer_236,Female,19,City_36,Low,Under 25
CUST0237,Customer_237,Female,24,City_37,Medium,Under 25
CUST0238,Customer_238,Female,35,City_38,Low,25-40
CUST0239,Customer_239,Other,44,City_39,Medium,41-60
CUST0240,Customer_240,Other,51,City_40,Low,41-60
CUST0241,Customer_241,Male,44,City_41,Low,41-60
CUST0242,Customer_242,Male,34,City_42,Low,25-40
CUST0243,Customer_243,Other,60,City_43,Medium,41-60
CUST0244,Customer_244,Female,61,City_44,Medium,60+
CUST0245,Customer_245,Male,41,City_45,Medium,41-60
CUST0246,Customer_246,Other,42,City_46,Medium,41-60
CUST0247,Customer_247,Other,24,City_47,Medium,Under 25
CUST0248,Customer_248,Other,23,City_48,Low,Under 25
CUST0249,Customer_249,Female,41,City_49,Medium,41-60
CUST0250,Customer_250,Other,50,City_50,High,41-60
CUST0251,Customer_251,Other,46,City_51,Medium,41-60
CUST0252,Customer_252,Other,60,City_52,Medium,41-60
CUST0253,Customer_253,Other,39,City_53,High,25-40
CUST0254,Customer_254,Male,43,City_54,Medium,41-60
CUST0255,Customer_255,Male,45,City_55,Low,41-60
CUST0256,Customer_256,Other,38,City_56,Medium,25-40
CUST0257,Customer_257,Female,24,City_57,Medium,Under 25
CUST0258,Customer_258,Male,34,City_58,Medium,25-40
CUST0259,Customer_259,Other,37,City_59,Medium,25-40
CUST0260,Customer_260,Male,58,City_60,Medium,41-60
CUST0261,Customer_261,Male,37,City_61,Medium,25-40
CUST0262,Customer_262,Female,39,City_62,Medium,25-40
CUST0263,Customer_263,Other,45,City_63,High,41-60
CUST0264,Customer_264,Other,57,City_64,Medium,41-60
CUST0265,Customer_265,Female,24,City_65,Low,Under 25
CUST0266,Customer_266,Female,18,City_66,Medium,Under 25
CUST0267,Customer_267,Other,49,City_67,Low,41-60
CUST0268,Customer_268,Other,30,City_68,Medium,25-40
CUST0269,Customer_269,Female,47,City_69,Medium,41-60
CUST0270,Customer_270,Male,40,City_70,Low,25-40
CUST0271,Customer_271,Male,36,City_71,Medium,25-40
CUST0272,Customer_272,Female,49,City_72,Low,41-60
CUST0273,Customer_273,Male,47,City_73,Low,41-60
CUST0274,Customer_274,Female,46,City_74,Medium,41-60
CUST0275,Customer_275,Male,62,City_75,Medium,60+
CUST0276,Customer_276,Male,46,City_76,High,41-60
CUST0277,Customer_277,Other,47,City_77,Medium,41-60
CUST0278,Customer_278,Other,33,City_78,Medium,25-40
CUST0279,Customer_279,Male,57,City_79,Medium,41-60
CUST0280,Customer_280,Male,36,City_80,Low,25-40
CUST0281,Customer_281,Other,35,City_81,High,25-40
CUST0282,Customer_282,Other,18,City_82,Medium,Under 25
CUST0283,Customer_283,Other,31,City_83,Medium,25-40
CUST0284,Customer_284,Female,64,City_84,Low,60+
CUST0285,Customer_285,Male,19,City_85,Medium,Under 25
CUST0286,Customer_286,Other,45,City_86,Medium,41-60
CUST0287,Customer_287,Male,47,City_87,High,41-60
CUST0288,Customer_288,Female,55,City_88,Low,41-60
CUST0289,Customer_289,Female,21,City_89,Medium,Under 25
CUST0290,Customer_290,Other,18,City_90,High,Under 25
CUST0291,Customer_291,Female,25,City_91,Medium,25-40
CUST0292,Customer_292,Male,46,City_92,Medium,41-60
CUST0293,Customer_293,Other,56,City_93,Low,41-60
CUST0294,Customer_294,Male,20,City_94,High,Under 25
CUST0295,Customer_295,Male,49,City_95,Low,41-60
CUST0296,Customer_296,Female,27,City_96,Medium,25-40
CUST0297,Customer_297,Female,27,City_97,Medium,25-40
CUST0298,Customer_298,Female,36,City_98,Low,25-40
CUST0299,Customer_299,Female,63,City_99,Medium,60+
CUST0300,Customer_300,Female,51,City_0,Low,41-60
CUST0301,Customer_301,Other,50,City_1,Low,41-60
CUST0302,Customer_302,Male,40,City_2,Medium,25-40
CUST0303,Customer_303,Male,45,City_3,High,41-60
CUST0304,Customer_304,Male,49,City_4,Medium,41-60
CUST0305,Customer_305,Male,24,City_5,Medium,Under 25
CUST0306,Customer_306,Female,46,City_6,Low,41-60
CUST0307,Customer_307,Male,25,City_7,Low,25-40
CUST0308,Customer_308,Other,18,City_8,Low,Under 25
CUST0309,Customer_309,Other,20,City_9,Low,Under 25
CUST0310,Customer_310,Male,41,City_10,Medium,41-60
CUST0311,Customer_311,Male,40,City_11,Medium,25-40
CUST0312,Customer_312,Other,25,City_12,Medium,25-40
CUST0313,Customer_313,Other,64,City_13,Low,60+
CUST0314,Customer_314,Female,54,City_14,Medium,41-60
CUST0315,Customer_315,Other,20,City_15,High,Under 25
CUST0316,Customer_316,Female,50,City_16,Low,41-60
CUST0317,Customer_317,Female,45,City_17,High,41-60
CUST0318,Customer_318,Female,64,City_18,High,60+
CUST0319,Customer_319,Female,25,City_19,Low,25-40
CUST0320,Customer_320,Female,51,City_20,Medium,41-60
CUST0321,Customer_321,Male,52,City_21,Medium,41-60
CUST0322,Customer_322,Other,49,City_22,Medium,41-60
CUST0323,Customer_323,Female,41,City_23,Medium,41-60
CUST0324,Customer_324,Other,31,City_24,Medium,25-40
CUST0325,Customer_325,Other,49,City_25,Medium,41-60
CUST0326,Customer_326,Female,63,City_26,Medium,60+
CUST0327,Customer_327,Male,60,City_27,Medium,41-60
CUST0328,Customer_328,Female,33,City_28,Medium,25-40
CUST0329,Customer_329,Male,21,City_29,Medium,Under 25
CUST0330,Customer_330,Other,54,City_30,Medium,41-60
CUST0331,Customer_331,Male,38,City_31,Low,25-40
CUST0332,Customer_332,Male,31,City_32,Low,25-40
CUST0333,Customer_333,Male,48,City_33,High,41-60
CUST0334,Customer_334,Other,35,City_34,Medium,25-40
CUST0335,Customer_335,Other,24,City_35,Low,Under 25
CUST0336,Customer_336,Male,27,City_36,Low,25-40
CUST0337,Customer_337,Male,24,City_37,Low,Under 25
CUST0338,Customer_338,Female,50,City_38,High,41-60
CUST0339,Customer_339,Male,40,City_39,Medium,25-40
CUST0340,Customer_340,Female,38,City_40,High,25-40
CUST0341,Customer_341,Male,36,City_41,Medium,25-40
CUST0342,Customer_342,Female,36,City_42,Medium,25-40
CUST0343,Customer_343,Other,53,City_43,Medium,41-60
CUST0344,Customer_344,Male,46,City_44,Medium,41-60
CUST0345,Customer_345,Male,35,City_45,Low,25-40
CUST0346,Customer_346,Male,19,City_46,High,Under 25
CUST0347,Customer_347,Male,18,City_47,High,Under 25
CUST0348,Customer_348,Female,64,City_48,Medium,60+
CUST0349,Customer_349,Male,22,City_49,High,Under 25
CUST0350,Customer_350,Other,37,City_50,High,25-40
CUST0351,Customer_351,Other,28,City_51,Medium,25-40
CUST0352,Customer_352,Male,59,City_52,Low,41-60
CUST0353,Customer_353,Other,19,City_53,Medium,Under 25
CUST0354,Customer_354,Male,20,City_54,Medium,Under 25
CUST0355,Customer_355,Male,40,City_55,Low,25-40
CUST0356,Customer_356,Other,29,City_56,Low,25-40
CUST0357,Customer_357,Male,37,City_57,Medium,25-40
CUST0358,Customer_358,Other,22,City_58,Low,Under 25
CUST0359,Customer_359,Female,54,City_59,Medium,41-60
CUST0360,Customer_360,Male,55,City_60,High,41-60
CUST0361,Customer_361,Female,47,City_61,High,41-60
CUST0362,Customer_362,Other,26,City_62,Low,25-40
CUST0363,Customer_363,Female,51,City_63,High,41-60
CUST0364,Customer_364,Female,61,City_64,Low,60+
CUST0365,Customer_365,Other,52,City_65,Low,41-60
CUST0366,Customer_366,Female,39,City_66,Medium,25-40
CUST0367,Customer_367,Female,61,City_67,Medium,60+
CUST0368,Customer_368,Other,41,City_68,Medium,41-60
CUST0369,Customer_369,Female,34,City_69,Medium,25-40
CUST0370,Customer_370,Other,27,City_70,Low,25-40
CUST0371,Customer_371,Female,47,City_71,Low,41-60
CUST0372,Customer_372,Other,63,City_72,Medium,60+
CUST0373,Customer_373,Other,40,City_73,Medium,25-40
CUST0374,Customer_374,Female,49,City_74,Medium,41-60
CUST0375,Customer_375,Female,34,City_75,Low,25-40
CUST0376,Customer_376,Female,34,City_76,Medium,25-40
CUST0377,Customer_377,Male,31,City_77,Low,25-40
CUST0378,Customer_378,Male,26,City_78,Low,25-40
CUST0379,Customer_379,Male,57,City_79,Medium,41-60
CUST0380,Customer_380,Other,19,City_80,Low,Under 25
CUST0381,Customer_381,Female,62,City_81,Low,60+
CUST0382,Customer_382,Other,42,City_82,Medium,41-60
CUST0383,Customer_383,Male,56,City_83,Medium,41-60
CUST0384,Customer_384,Female,26,City_84,Medium,25-40
CUST0385,Customer_385,Other,39,City_85,Low,25-40
CUST0386,Customer_386,Female,60,City_86,Low,41-60
CUST0387,Customer_387,Other,63,City_87,Low,60+
CUST0388,Customer_388,Female,21,City_88,Low,Under 25
CUST0389,Customer_389,Male,43,City_89,Medium,41-60
CUST0390,Customer_390,Male,46,City_90,High,41-60
CUST0391,Customer_391,Female,62,City_91,Medium,60+
CUST0392,Customer_392,Other,51,City_92,Medium,41-60
CUST0393,Customer_393,Male,40,City_93,Medium,25-40
CUST0394,Customer_394,Male,54,City_94,Medium,41-60
CUST0395,Customer_395,Male,28,City_95,Medium,25-40
CUST0396,Customer_396,Female,23,City_96,Medium,Under 25
CUST0397,Customer_397,Female,35,City_97,Medium,25-40
CUST0398,Customer_398,Other,38,City_98,Low,25-40
CUST0399,Customer_399,Other,59,City_99,Medium,41-60
CUST0400,Customer_400,Other,53,City_0,High,41-60
CUST0401,Customer_401,Female,58,City_1,Low,41-60
CUST0402,Customer_402,Female,55,City_2,Low,41-60
CUST0403,Customer_403,Other,51,City_3,Medium,41-60
CUST0404,Customer_404,Other,34,City_4,Medium,25-40
CUST0405,Customer_405,Female,54,City_5,Medium,41-60
CUST0406,Customer_406,Other,42,City_6,Medium,41-60
CUST0407,Customer_407,Male,55,City_7,Low,41-60
CUST0408,Customer_408,Female,29,City_8,Medium,25-40
CUST0409,Customer_409,Other,40,City_9,Medium,25-40
CUST0410,Customer_410,Female,59,City_10,High,41-60
CUST0411,Customer_411,Male,39,City_11,Medium,25-40
CUST0412,Customer_412,Female,38,City_12,Low,25-40
CUST0413,Customer_413,Female,44,City_13,Low,41-60
CUST0414,Customer_414,Female,48,City_14,Low,41-60
CUST0415,Customer_415,Female,23,City_15,Medium,Under 25
CUST0416,Customer_416,Male,44,City_16,Low,41-60
CUST0417,Customer_417,Female,57,City_17,Medium,41-60
CUST0418,Customer_418,Female,51,City_18,Medium,41-60
CUST0419,Customer_419,Other,29,City_19,Low,25-40
CUST0420,Customer_420,Female,62,City_20,Low,60+
CUST0421,Customer_421,Other,24,City_21,Low,Under 25
CUST0422,Customer_422,Male,27,City_22,High,25-40
CUST0423,Customer_423,Male,62,City_23,Low,60+
CUST0424,Customer_424,Male,34,City_24,Medium,25-40
CUST0425,Customer_425,Male,43,City_25,High,41-60
CUST0426,Customer_426,Other,38,City_26,Medium,25-40
CUST0427,Customer_427,Female,45,City_27,High,41-60
CUST0428,Customer_428,Male,63,City_28,Medium,60+
CUST0429,Customer_429,Female,19,City_29,High,Under 25
CUST0430,Customer_430,Other,60,City_30,Low,41-60
CUST0431,Customer_431,Other,18,City_31,Low,Under 25
CUST0432,Customer_432,Other,53,City_32,Medium,41-60
CUST0433,Customer_433,Male,43,City_33,High,41-60
CUST0434,Customer_434,Female,46,City_34,High,41-60
CUST0435,Customer_435,Female,38,City_35,Low,25-40
CUST0436,Customer_436,Female,28,City_36,Low,25-40
CUST0437,Customer_437,Other,57,City_37,High,41-60
CUST0438,Customer_438,Male,28,City_38,Low,25-40
CUST0439,Customer_439,Other,53,City_39,Medium,41-60
CUST0440,Customer_440,Other,56,City_40,High,41-60
CUST0441,Customer_441,Female,57,City_41,Medium,41-60
CUST0442,Customer_442,Other,52,City_42,Medium,41-60
CUST0443,Customer_443,Female,51,City_43,Medium,41-60
CUST0444,Customer_444,Male,64,City_44,Low,60+
CUST0445,Customer_445,Female,41,City_45,High,41-60
CUST0446,Customer_446,Male,39,City_46,Medium,25-40
CUST0447,Customer_447,Female,22,City_47,High,Under 25
CUST0448,Customer_448,Other,50,City_48,Low,41-60
CUST0449,Customer_449,Other,53,City_49,High,41-60
CUST0450,Customer_450,Male,64,City_50,Medium,60+
CUST0451,Customer_451,Male,37,City_51,Low,25-40
CUST0452,Customer_452,Male,36,City_52,Low,25-40
CUST0453,Customer_453,Female,52,City_53,Medium,41-60
CUST0454,Customer_454,Female,60,City_54,Medium,41-60
CUST0455,Customer_455,Male,34,City_55,High,25-40
CUST0456,Customer_456,Other,62,City_56,Low,60+
CUST0457,Customer_457,Female,60,City_57,Low,41-60
CUST0458,Customer_458,Female,51,City_58,Medium,41-60
CUST0459,Customer_459,Female,26,City_59,Medium,25-40
CUST0460,Customer_460,Male,43,City_60,Medium,41-60
CUST0461,Customer_461,Male,19,City_61,High,Under 25
CUST0462,Customer_462,Male,26,City_62,High,25-40
CUST0463,Customer_463,Male,26,City_63,High,25-40
CUST0464,Customer_464,Male,57,City_64,Medium,41-60
CUST0465,Customer_465,Other,34,City_65,Medium,25-40
CUST0466,Customer_466,Other,18,City_66,Medium,Under 25
CUST0467,Customer_467,Male,42,City_67,Medium,41-60
CUST0468,Customer_468,Female,60,City_68,High,41-60
CUST0469,Customer_469,Male,57,City_69,Low,41-60
CUST0470,Customer_470,Other,59,City_70,Medium,41-60
CUST0471,Customer_471,Other,42,City_71,Low,41-60
CUST0472,Customer_472,Female,56,City_72,Medium,41-60
CUST0473,Customer_473,Other,52,City_73,High,41-60
CUST0474,Customer_474,Male,20,City_74,Medium,Under 25
CUST0475,Customer_475,Female,54,City_75,Low,41-60
CUST0476,Customer_476,Male,61,City_76,High,60+
CUST0477,Customer_477,Male,61,City_77,Medium,60+
CUST0478,Customer_478,Female,47,City_78,Low,41-60
CUST0479,Customer_479,Male,55,City_79,Low,41-60
CUST0480,Customer_480,Other,51,City_80,Low,41-60
CUST0481,Customer_481,Male,29,City_81,Low,25-40
CUST0482,Customer_482,Female,36,City_82,High,25-40
CUST0483,Customer_483,Female,54,City_83,Medium,41-60
CUST0484,Customer_484,Female,61,City_84,High,60+
CUST0485,Customer_485,Male,34,City_85,Medium,25-40
CUST0486,Customer_486,Female,27,City_86,Low,25-40
CUST0487,Customer_487,Female,64,City_87,Medium,60+
CUST0488,Customer_488,Male,29,City_88,Low,25-40
CUST0489,Customer_489,Other,33,City_89,Medium,25-40
CUST0490,Customer_490,Male,41,City_90,High,41-60
CUST0491,Customer_491,Female,36,City_91,Medium,25-40
CUST0492,Customer_492,Female,25,City_92,Medium,25-40
CUST0493,Customer_493,Male,48,City_93,Low,41-60
CUST0494,Customer_494,Other,38,City_94,Low,25-40
CUST0495,Customer_495,Female,34,City_95,Low,25-40
CUST0496,Customer_496,Female,40,City_96,Medium,25-40
CUST0497,Customer_497,Female,54,City_97,Low,41-60
CUST0498,Customer_498,Male,33,City_98,Medium,25-40
CUST0499,Customer_499,Female,23,City_99,Medium,Under 25
CUST0500,Customer_500,Other,25,City_0,Medium,25-40
CUST0501,Customer_501,Female,42,City_1,Low,41-60
CUST0502,Customer_502,Female,35,City_2,Low,25-40
CUST0503,Customer_503,Other,42,City_3,High,41-60
CUST0504,Customer_504,Female,29,City_4,Medium,25-40
CUST0505,Customer_505,Male,32,City_5,Medium,25-40
CUST0506,Customer_506,Male,43,City_6,Low,41-60
CUST0507,Customer_507,Male,58,City_7,High,41-60
CUST0508,Customer_508,Other,62,City_8,Medium,60+
CUST0509,Customer_509,Female,43,City_9,Medium,41-60
CUST0510,Customer_510,Male,64,City_10,High,60+
CUST0511,Customer_511,Other,49,City_11,Low,41-60
CUST0512,Customer_512,Female,27,City_12,Medium,25-40
CUST0513,Customer_513,Other,33,City_13,Medium,25-40
CUST0514,Customer_514,Male,24,City_14,Low,Under 25
CUST0515,Customer_515,Male,34,City_15,High,25-40
CUST0516,Customer_516,Male,40,City_16,Medium,25-40
CUST0517,Customer_517,Other,43,City_17,Medium,41-60
CUST0518,Customer_518,Other,38,City_18,Low,25-40
CUST0519,Customer_519,Male,39,City_19,Low,25-40
CUST0520,Customer_520,Other,24,City_20,Medium,Under 25
CUST0521,Customer_521,Male,31,City_21,Medium,25-40
CUST0522,Customer_522,Male,32,City_22,Low,25-40
CUST0523,Customer_523,Female,24,City_23,Medium,Under 25
CUST0524,Customer_524,Other,26,City_24,Medium,25-40
CUST0525,Customer_525,Male,25,City_25,Low,25-40
CUST0526,Customer_526,Male,40,City_26,Medium,25-40
CUST0527,Customer_527,Other,46,City_27,Low,41-60
CUST0528,Customer_528,Female,35,City_28,High,25-40
CUST0529,Customer_529,Female,48,City_29,Medium,41-60
CUST0530,Customer_530,Male,47,City_30,Low,41-60
CUST0531,Customer_531,Other,56,City_31,Medium,41-60
CUST0532,Customer_532,Female,52,City_32,Medium,41-60
CUST0533,Customer_533,Other,35,City_33,Medium,25-40
CUST0534,Customer_534,Other,59,City_34,Medium,41-60
CUST0535,Customer_535,Male,56,City_35,Medium,41-60
CUST0536,Customer_536,Female,34,City_36,Low,25-40
CUST0537,Customer_537,Male,31,City_37,Low,25-40
CUST0538,Customer_538,Female,48,City_38,Low,41-60
CUST0539,Customer_539,Female,41,City_39,Medium,41-60
CUST0540,Customer_540,Female,52,City_40,High,41-60
CUST0541,Customer_541,Female,61,City_41,Medium,60+
CUST0542,Customer_542,Female,62,City_42,Low,60+
CUST0543,Customer_543,Other,51,City_43,Medium,41-60
CUST0544,Customer_544,Male,20,City_44,High,Under 25
CUST0545,Customer_545,Other,54,City_45,Medium,41-60
CUST0546,Customer_546,Female,60,City_46,High,41-60
CUST0547,Customer_547,Male,57,City_47,Low,41-60
CUST0548,Customer_548,Female,43,City_48,Low,41-60
CUST0549,Customer_549,Male,40,City_49,High,25-40
CUST0550,Customer_550,Other,61,City_50,Medium,60+
CUST0551,Customer_551,Male,56,City_51,Medium,41-60
CUST0552,Customer_552,Male,32,City_52,Medium,25-40
CUST0553,Customer_553,Male,21,City_53,High,Under 25
CUST0554,Customer_554,Male,46,City_54,Medium,41-60
CUST0555,Customer_555,Male,39,City_55,Medium,25-40
CUST0556,Customer_556,Female,42,City_56,Medium,41-60
CUST0557,Customer_557,Male,30,City_57,Medium,25-40
CUST0558,Customer_558,Male,35,City_58,Medium,25-40
CUST0559,Customer_559,Other,50,City_59,High,41-60
CUST0560,Customer_560,Male,33,City_60,High,25-40
CUST0561,Customer_561,Other,62,City_61,High,60+
CUST0562,Customer_562,Female,59,City_62,Low,41-60
CUST0563,Customer_563,Male,61,City_63,Medium,60+
CUST0564,Customer_564,Other,19,City_64,Medium,Under 25
CUST0565,Customer_565,Other,52,City_65,Medium,41-60
CUST0566,Customer_566,Female,59,City_66,Medium,41-60
CUST0567,Customer_567,Male,51,City_67,High,41-60
CUST0568,Customer_568,Male,47,City_68,Medium,41-60
CUST0569,Customer_569,Other,30,City_69,Medium,25-40
CUST0570,Customer_570,Male,30,City_70,Low,25-40
CUST0571,Customer_571,Other,35,City_71,Medium,25-40
CUST0572,Customer_572,Male,49,City_72,Medium,41-60
CUST0573,Customer_573,Other,49,City_73,Medium,41-60
CUST0574,Customer_574,Male,52,City_74,Low,41-60
CUST0575,Customer_575,Female,56,City_75,Low,41-60
CUST0576,Customer_576,Male,63,City_76,Medium,60+
CUST0577,Customer_577,Male,46,City_77,Low,41-60
CUST0578,Customer_578,Female,46,City_78,Low,41-60
CUST0579,Customer_579,Male,61,City_79,Low,60+
CUST0580,Customer_580,Female,33,City_80,Low,25-40
CUST0581,Customer_581,Male,61,City_81,Low,60+
CUST0582,Customer_582,Other,64,City_82,Medium,60+
CUST0583,Customer_583,Other,27,City_83,Medium,25-40
CUST0584,Customer_584,Male,47,City_84,High,41-60
CUST0585,Customer_585,Male,42,City_85,Medium,41-60
CUST0586,Customer_586,Male,56,City_86,Medium,41-60
CUST0587,Customer_587,Other,37,City_87,Low,25-40
CUST0588,Customer_588,Male,22,City_88,Low,Under 25
CUST0589,Customer_589,Other,18,City_89,Medium,Under 25
CUST0590,Customer_590,Female,47,City_90,Low,41-60
CUST0591,Customer_591,Other,20,City_91,Medium,Under 25
CUST0592,Customer_592,Other,62,City_92,Medium,60+
CUST0593,Customer_593,Female,31,City_93,Medium,25-40
CUST0594,Customer_594,Other,47,City_94,Low,41-60
CUST0595,Customer_595,Male,21,City_95,Medium,Under 25
CUST0596,Customer_596,Male,35,City_96,Medium,25-40
CUST0597,Customer_597,Other,54,City_97,Low,41-60
CUST0598,Customer_598,Male,42,City_98,Medium,41-60
CUST0599,Customer_599,Other,18,City_99,Medium,Under 25
CUST0600,Customer_600,Male,63,City_0,High,60+
CUST0601,Customer_601,Male,32,City_1,Low,25-40
CUST0602,Customer_602,Other,26,City_2,High,25-40
CUST0603,Customer_603,Male,32,City_3,Medium,25-40
CUST0604,Customer_604,Other,41,City_4,Medium,41-60
CUST0605,Customer_605,Male,21,City_5,Low,Under 25
CUST0606,Customer_606,Male,29,City_6,Medium,25-40
CUST0607,Customer_607,Female,54,City_7,Low,41-60
CUST0608,Customer_608,Female,54,City_8,Medium,41-60
CUST0609,Customer_609,Other,60,City_9,Low,41-60
CUST0610,Customer_610,Female,23,City_10,High,Under 25
CUST0611,Customer_611,Other,56,City_11,Medium,41-60
CUST0612,Customer_612,Female,63,City_12,Medium,60+
CUST0613,Customer_613,Male,41,City_13,Low,41-60
CUST0614,Customer_614,Other,28,City_14,Low,25-40
CUST0615,Customer_615,Other,30,City_15,Medium,25-40
CUST0616,Customer_616,Male,51,City_16,Medium,41-60
CUST0617,Customer_617,Other,42,City_17,Low,41-60
CUST0618,Customer_618,Other,24,City_18,Medium,Under 25
CUST0619,Customer_619,Female,21,City_19,High,Under 25
CUST0620,Customer_620,Other,25,City_20,Medium,25-40
CUST0621,Customer_621,Male,37,City_21,Medium,25-40
CUST0622,Customer_622,Female,46,City_22,High,41-60
CUST0623,Customer_623,Female,62,City_23,Low,60+
CUST0624,Customer_624,Male,63,City_24,Medium,60+
CUST0625,Customer_625,Male,27,City_25,High,25-40
CUST0626,Customer_626,Female,60,City_26,Low,41-60
CUST0627,Customer_627,Other,51,City_27,Medium,41-60
CUST0628,Customer_628,Female,43,City_28,Medium,41-60
CUST0629,Customer_629,Male,58,City_29,Medium,41-60
CUST0630,Customer_630,Female,20,City_30,Medium,Under 25
CUST0631,Customer_631,Male,23,City_31,High,Under 25
CUST0632,Customer_632,Female,22,City_32,Medium,Under 25
CUST0633,Customer_633,Other,22,City_33,Low,Under 25
CUST0634,Customer_634,Female,64,City_34,High,60+
CUST0635,Customer_635,Female,40,City_35,Low,25-40
CUST0636,Customer_636,Male,26,City_36,Medium,25-40
CUST0637,Customer_637,Male,52,City_37,Medium,41-60
CUST0638,Customer_638,Male,37,City_38,Medium,25-40
CUST0639,Customer_639,Female,59,City_39,Medium,41-60
CUST0640,Customer_640,Other,52,City_40,High,41-60
CUST0641,Customer_641,Male,35,City_41,Medium,25-40
CUST0642,Customer_642,Male,34,City_42,Medium,25-40
CUST0643,Customer_643,Female,41,City_43,Low,41-60
CUST0644,Customer_644,Male,20,City_44,High,Under 25
CUST0645,Customer_645,Other,49,City_45,High,41-60
CUST0646,Customer_646,Other,52,City_46,Medium,41-60
CUST0647,Customer_647,Male,55,City_47,Low,41-60
CUST0648,Customer_648,Male,30,City_48,Low,25-40
CUST0649,Customer_649,Female,64,City_49,Low,60+
CUST0650,Customer_650,Other,42,City_50,Low,41-60
CUST0651,Customer_651,Other,26,City_51,Medium,25-40
CUST0652,Customer_652,Male,21,City_52,High,Under 25
CUST0653,Customer_653,Female,31,City_53,Medium,25-40
CUST0654,Customer_654,Other,54,City_54,Low,41-60
CUST0655,Customer_655,Other,51,City_55,Low,41-60
CUST0656,Customer_656,Female,28,City_56,Low,25-40
CUST0657,Customer_657,Female,58,City_57,Low,41-60
CUST0658,Customer_658,Other,20,City_58,Low,Under 25
CUST0659,Customer_659,Other,45,City_59,Low,41-60
CUST0660,Customer_660,Female,46,City_60,Medium,41-60
CUST0661,Customer_661,Other,26,City_61,High,25-40
CUST0662,Customer_662,Male,20,City_62,Medium,Under 25
CUST0663,Customer_663,Male,42,City_63,Medium,41-60
CUST0664,Customer_664,Female,51,City_64,High,41-60
CUST0665,Customer_665,Female,29,City_65,Low,25-40
CUST0666,Customer_666,Female,59,City_66,Low,41-60
CUST0667,Customer_667,Male,26,City_67,High,25-40
CUST0668,Customer_668,Other,32,City_68,Low,25-40
CUST0669,Customer_669,Male,57,City_69,Medium,41-60
CUST0670,Customer_670,Other,42,City_70,Medium,41-60
CUST0671,Customer_671,Male,22,City_71,Medium,Under 25
CUST0672,Customer_672,Other,28,City_72,Medium,25-40
CUST0673,Customer_673,Male,51,City_73,Medium,41-60
CUST0674,Customer_674,Female,41,City_74,Low,41-60
CUST0675,Customer_675,Male,32,City_75,Low,25-40
CUST0676,Customer_676,Other,55,City_76,Medium,41-60
CUST0677,Customer_677,Male,25,City_77,Medium,25-40
CUST0678,Customer_678,Male,22,City_78,Low,Under 25
CUST0679,Customer_679,Male,43,City_79,High,41-60
CUST0680,Customer_680,Female,35,City_80,Medium,25-40
CUST0681,Customer_681,Male,23,City_81,High,Under 25
CUST0682,Customer_682,Female,54,City_82,Medium,41-60
CUST0683,Customer_683,Female,30,City_83,Medium,25-40
CUST0684,Customer_684,Male,45,City_84,Medium,41-60
CUST0685,Customer_685,Male,22,City_85,High,Under 25
CUST0686,Customer_686,Male,30,City_86,Low,25-40
CUST0687,Customer_687,Other,34,City_87,Medium,25-40
CUST0688,Customer_688,Male,57,City_88,Low,41-60
CUST0689,Customer_689,Female,62,City_89,Medium,60+
CUST0690,Customer_690,Male,49,City_90,Medium,41-60
CUST0691,Customer_691,Other,46,City_91,High,41-60
CUST0692,Customer_692,Male,20,City_92,High,Under 25
CUST0693,Customer_693,Other,57,City_93,Low,41-60
CUST0694,Customer_694,Other,51,City_94,Low,41-60
CUST0695,Customer_695,Male,57,City_95,Medium,41-60
CUST0696,Customer_696,Female,44,City_96,Medium,41-60
CUST0697,Customer_697,Other,30,City_97,Low,25-40
CUST0698,Customer_698,Male,62,City_98,Medium,60+
CUST0699,Customer_699,Male,50,City_99,Medium,41-60
CUST0700,Customer_700,Female,23,City_0,High,Under 25
CUST0701,Customer_701,Other,41,City_1,Low,41-60
CUST0702,Customer_702,Other,36,City_2,Medium,25-40
CUST0703,Customer_703,Male,33,City_3,Medium,25-40
CUST0704,Customer_704,Male,57,City_4,Medium,41-60
CUST0705,Customer_705,Female,45,City_5,Medium,41-60
CUST0706,Customer_706,Female,50,City_6,Medium,41-60
CUST0707,Customer_707,Other,58,City_7,Low,41-60
CUST0708,Customer_708,Other,30,City_8,High,25-40
CUST0709,Customer_709,Male,60,City_9,Medium,41-60
CUST0710,Customer_710,Other,62,City_10,Low,60+
CUST0711,Customer_711,Female,42,City_11,Medium,41-60
CUST0712,Customer_712,Female,59,City_12,Low,41-60
CUST0713,Customer_713,Male,53,City_13,Low,41-60
CUST0714,Customer_714,Female,44,City_14,High,41-60
CUST0715,Customer_715,Female,55,City_15,Medium,41-60
CUST0716,Customer_716,Female,24,City_16,Medium,Under 25
CUST0717,Customer_717,Female,22,City_17,Low,Under 25
CUST0718,Customer_718,Male,60,City_18,Medium,41-60
CUST0719,Customer_719,Male,62,City_19,Low,60+
CUST0720,Customer_720,Other,48,City_20,Medium,41-60
CUST0721,Customer_721,Female,40,City_21,High,25-40
CUST0722,Customer_722,Other,59,City_22,Medium,41-60
CUST0723,Customer_723,Male,27,City_23,Medium,25-40
CUST0724,Customer_724,Male,49,City_24,Medium,41-60
CUST0725,Customer_725,Male,60,City_25,High,41-60
CUST0726,Customer_726,Male,47,City_26,Medium,41-60
CUST0727,Customer_727,Male,56,City_27,Medium,41-60
CUST0728,Customer_728,Male,48,City_28,Medium,41-60
CUST0729,Customer_729,Male,35,City_29,Low,25-40
CUST0730,Customer_730,Female,53,City_30,Low,41-60
CUST0731,Customer_731,Other,19,City_31,Medium,Under 25
CUST0732,Customer_732,Male,31,City_32,Low,25-40
CUST0733,Customer_733,Female,30,City_33,Low,25-40
CUST0734,Customer_734,Female,46,City_34,High,41-60
CUST0735,Customer_735,Other,29,City_35,Medium,25-40
CUST0736,Customer_736,Male,56,City_36,Medium,41-60
CUST0737,Customer_737,Other,19,City_37,Medium,Under 25
CUST0738,Customer_738,Male,49,City_38,Medium,41-60
CUST0739,Customer_739,Female,30,City_39,Low,25-40
CUST0740,Customer_740,Female,63,City_40,Medium,60+
CUST0741,Customer_741,Female,44,City_41,Low,41-60
CUST0742,Customer_742,Female,58,City_42,Medium,41-60
CUST0743,Customer_743,Other,34,City_43,Medium,25-40
CUST0744,Customer_744,Male,57,City_44,Medium,41-60
CUST0745,Customer_745,Male,48,City_45,Medium,41-60
CUST0746,Customer_746,Other,51,City_46,Medium,41-60
CUST0747,Customer_747,Male,41,City_47,Low,41-60
CUST0748,Customer_748,Female,62,City_48,Medium,60+
CUST0749,Customer_749,Male,52,City_49,Low,41-60
CUST0750,Customer_750,Female,23,City_50,Low,Under 25
CUST0751,Customer_751,Other,36,City_51,Low,25-40
CUST0752,Customer_752,Male,47,City_52,Medium,41-60
CUST0753,Customer_753,Other,24,City_53,Medium,Under 25
CUST0754,Customer_754,Male,27,City_54,Low,25-40
CUST0755,Customer_755,Female,58,City_55,Medium,41-60
CUST0756,Customer_756,Other,49,City_56,Medium,41-60
CUST0757,Customer_757,Male,51,City_57,Low,41-60
CUST0758,Customer_758,Female,45,City_58,High,41-60
CUST0759,Customer_759,Other,32,City_59,Medium,25-40
CUST0760,Customer_760,Other,47,City_60,Medium,41-60
CUST0761,Customer_761,Male,54,City_61,Medium,41-60
CUST0762,Customer_762,Male,46,City_62,Low,41-60
CUST0763,Customer_763,Male,39,City_63,Medium,25-40
CUST0764,Customer_764,Female,21,City_64,Medium,Under 25
CUST0765,Customer_765,Male,37,City_65,High,25-40
CUST0766,Customer_766,Other,49,City_66,Low,41-60
CUST0767,Customer_767,Other,53,City_67,Medium,41-60
CUST0768,Customer_768,Male,21,City_68,Medium,Under 25
CUST0769,Customer_769,Male,44,City_69,Low,41-60
CUST0770,Customer_770,Other,34,City_70,Medium,25-40
CUST0771,Customer_771,Female,29,City_71,Medium,25-40
CUST0772,Customer_772,Male,39,City_72,High,25-40
CUST0773,Customer_773,Male,34,City_73,Medium,25-40
CUST0774,Customer_774,Other,27,City_74,Medium,25-40
CUST0775,Customer_775,Male,18,City_75,High,Under 25
CUST0776,Customer_776,Female,39,City_76,High,25-40
CUST0777,Customer_777,Other,43,City_77,Low,41-60
CUST0778,Customer_778,Male,35,City_78,Medium,25-40
CUST0779,Customer_779,Other,31,City_79,Medium,25-40
CUST0780,Customer_780,Male,64,City_80,High,60+
CUST0781,Customer_781,Male,46,City_81,Medium,41-60
CUST0782,Customer_782,Male,29,City_82,Low,25-40
CUST0783,Customer_783,Female,53,City_83,Medium,41-60
CUST0784,Customer_784,Female,52,City_84,Medium,41-60
CUST0785,Customer_785,Other,29,City_85,High,25-40
CUST0786,Customer_786,Male,24,City_86,High,Under 25
CUST0787,Customer_787,Male,46,City_87,Medium,41-60
CUST0788,Customer_788,Female,28,City_88,Low,25-40
CUST0789,Customer_789,Male,50,City_89,Medium,41-60
CUST0790,Customer_790,Female,23,City_90,Low,Under 25
CUST0791,Customer_791,Male,64,City_91,Low,60+
CUST0792,Customer_792,Other,32,City_92,High,25-40
CUST0793,Customer_793,Male,49,City_93,Low,41-60
CUST0794,Customer_794,Male,28,City_94,Medium,25-40
CUST0795,Customer_795,Female,40,City_95,High,25-40
CUST0796,Customer_796,Male,43,City_96,Medium,41-60
CUST0797,Customer_797,Male,51,City_97,Low,41-60
CUST0798,Customer_798,Female,63,City_98,High,60+
CUST0799,Customer_799,Other,51,City_99,Low,41-60
CUST0800,Customer_800,Other,46,City_0,Medium,41-60
CUST0801,Customer_801,Female,21,City_1,High,Under 25
CUST0802,Customer_802,Female,34,City_2,High,25-40
CUST0803,Customer_803,Female,52,City_3,Medium,41-60
CUST0804,Customer_804,Female,30,City_4,Medium,25-40
CUST0805,Customer_805,Female,58,City_5,Low,41-60
CUST0806,Customer_806,Other,56,City_6,High,41-60
CUST0807,Customer_807,Other,32,City_7,High,25-40
CUST0808,Customer_808,Female,46,City_8,Medium,41-60
CUST0809,Customer_809,Male,46,City_9,Low,41-60
CUST0810,Customer_810,Female,28,City_10,Low,25-40
CUST0811,Customer_811,Male,49,City_11,Low,41-60
CUST0812,Customer_812,Female,19,City_12,Medium,Under 25
CUST0813,Customer_813,Female,64,City_13,Medium,60+
CUST0814,Customer_814,Other,31,City_14,High,25-40
CUST0815,Customer_815,Male,37,City_15,Medium,25-40
CUST0816,Customer_816,Male,39,City_16,Low,25-40
CUST0817,Customer_817,Other,28,City_17,Medium,25-40
CUST0818,Customer_818,Other,44,City_18,Medium,41-60
CUST0819,Customer_819,Other,20,City_19,Medium,Under 25
CUST0820,Customer_820,Other,34,City_20,Medium,25-40
CUST0821,Customer_821,Male,61,City_21,High,60+
CUST0822,Customer_822,Male,45,City_22,High,41-60
CUST0823,Customer_823,Female,46,City_23,Low,41-60
CUST0824,Customer_824,Female,38,City_24,Low,25-40
CUST0825,Customer_825,Other,64,City_25,Medium,60+
CUST0826,Customer_826,Other,33,City_26,Low,25-40
CUST0827,Customer_827,Other,54,City_27,Medium,41-60
CUST0828,Customer_828,Female,37,City_28,Low,25-40
CUST0829,Customer_829,Female,23,City_29,Medium,Under 25
CUST0830,Customer_830,Female,36,City_30,Low,25-40
CUST0831,Customer_831,Female,22,City_31,Medium,Under 25
CUST0832,Customer_832,Female,20,City_32,High,Under 25
CUST0833,Customer_833,Female,18,City_33,Low,Under 25
CUST0834,Customer_834,Female,55,City_34,Low,41-60
CUST0835,Customer_835,Other,32,City_35,Medium,25-40
CUST0836,Customer_836,Other,51,City_36,High,41-60
CUST0837,Customer_837,Other,52,City_37,Low,41-60
CUST0838,Customer_838,Other,42,City_38,Medium,41-60
CUST0839,Customer_839,Female,41,City_39,Low,41-60
CUST0840,Customer_840,Male,29,City_40,Medium,25-40
CUST0841,Customer_841,Female,35,City_41,Medium,25-40
CUST0842,Customer_842,Male,32,City_42,Medium,25-40
CUST0843,Customer_843,Other,61,City_43,High,60+
CUST0844,Customer_844,Female,33,City_44,Low,25-40
CUST0845,Customer_845,Other,44,City_45,High,41-60
CUST0846,Customer_846,Female,25,City_46,Low,25-40
CUST0847,Customer_847,Other,63,City_47,High,60+
CUST0848,Customer_848,Male,42,City_48,Medium,41-60
CUST0849,Customer_849,Male,34,City_49,High,25-40
CUST0850,Customer_850,Male,46,City_50,Low,41-60
CUST0851,Customer_851,Female,25,City_51,Low,25-40
CUST0852,Customer_852,Male,32,City_52,Medium,25-40
CUST0853,Customer_853,Female,44,City_53,Medium,41-60
CUST0854,Customer_854,Male,63,City_54,Low,60+
CUST0855,Customer_855,Male,24,City_55,Medium,Under 25
CUST0856,Customer_856,Female,20,City_56,Low,Under 25
CUST0857,Customer_857,Female,46,City_57,Medium,41-60
CUST0858,Customer_858,Male,61,City_58,High,60+
CUST0859,Customer_859,Female,41,City_59,Medium,41-60
CUST0860,Customer_860,Male,20,City_60,Low,Under 25
CUST0861,Customer_861,Female,37,City_61,Medium,25-40
CUST0862,Customer_862,Other,63,City_62,Low,60+
CUST0863,Customer_863,Other,32,City_63,High,25-40
CUST0864,Customer_864,Other,42,City_64,Low,41-60
CUST0865,Customer_865,Other,47,City_65,Medium,41-60
CUST0866,Customer_866,Other,31,City_66,High,25-40
CUST0867,Customer_867,Male,24,City_67,High,Under 25
CUST0868,Customer_868,Other,34,City_68,Medium,25-40
CUST0869,Customer_869,Other,61,City_69,High,60+
CUST0870,Customer_870,Other,37,City_70,High,25-40
CUST0871,Customer_871,Other,53,City_71,Medium,41-60
CUST0872,Customer_872,Female,26,City_72,Medium,25-40
CUST0873,Customer_873,Male,55,City_73,Medium,41-60
CUST0874,Customer_874,Other,39,City_74,Medium,25-40
CUST0875,Customer_875,Other,19,City_75,Medium,Under 25
CUST0876,Customer_876,Other,41,City_76,Medium,41-60
CUST0877,Customer_877,Male,25,City_77,Low,25-40
CUST0878,Customer_878,Female,28,City_78,Low,25-40
CUST0879,Customer_879,Male,30,City_79,Low,25-40
CUST0880,Customer_880,Female,34,City_80,Low,25-40
CUST0881,Customer_881,Other,25,City_81,Low,25-40
CUST0882,Customer_882,Other,38,City_82,Medium,25-40
CUST0883,Customer_883,Male,35,City_83,Low,25-40
CUST0884,Customer_884,Male,47,City_84,High,41-60
CUST0885,Customer_885,Female,35,City_85,Low,25-40
CUST0886,Customer_886,Female,63,City_86,Low,60+
CUST0887,Customer_887,Male,64,City_87,Medium,60+
CUST0888,Customer_888,Female,48,City_88,Medium,41-60
CUST0889,Customer_889,Male,55,City_89,Low,41-60
CUST0890,Customer_890,Female,49,City_90,High,41-60
CUST0891,Customer_891,Male,28,City_91,High,25-40
CUST0892,Customer_892,Male,62,City_92,Medium,60+
CUST0893,Customer_893,Male,42,City_93,Medium,41-60
CUST0894,Customer_894,Female,50,City_94,High,41-60
CUST0895,Customer_895,Female,55,City_95,Medium,41-60
CUST0896,Customer_896,Female,58,City_96,Medium,41-60
CUST0897,Customer_897,Male,25,City_97,High,25-40
CUST0898,Customer_898,Female,28,City_98,Low,25-40
CUST0899,Customer_899,Female,39,City_99,Medium,25-40
CUST0900,Customer_900,Male,41,City_0,Low,41-60
CUST0901,Customer_901,Other,58,City_1,Medium,41-60
CUST0902,Customer_902,Male,34,City_2,Medium,25-40
CUST0903,Customer_903,Female,29,City_3,Medium,25-40
CUST0904,Customer_904,Male,63,City_4,Low,60+
CUST0905,Customer_905,Other,49,City_5,Low,41-60
CUST0906,Customer_906,Male,32,City_6,Medium,25-40
CUST0907,Customer_907,Female,33,City_7,Medium,25-40
CUST0908,Customer_908,Other,39,City_8,Medium,25-40
CUST0909,Customer_909,Female,45,City_9,Low,41-60
CUST0910,Customer_910,Other,37,City_10,High,25-40
CUST0911,Customer_911,Other,50,City_11,Low,41-60
CUST0912,Customer_912,Male,27,City_12,High,25-40
CUST0913,Customer_913,Male,57,City_13,Low,41-60
CUST0914,Customer_914,Female,49,City_14,Medium,41-60
CUST0915,Customer_915,Male,50,City_15,Low,41-60
CUST0916,Customer_916,Male,19,City_16,High,Under 25
CUST0917,Customer_917,Other,50,City_17,Medium,41-60
CUST0918,Customer_918,Male,50,City_18,Low,41-60
CUST0919,Customer_919,Other,58,City_19,Medium,41-60
CUST0920,Customer_920,Other,30,City_20,Low,25-40
CUST0921,Customer_921,Other,47,City_21,Low,41-60
CUST0922,Customer_922,Female,50,City_22,High,41-60
CUST0923,Customer_923,Female,30,City_23,Medium,25-40
CUST0924,Customer_924,Female,43,City_24,Medium,41-60
CUST0925,Customer_925,Other,39,City_25,Medium,25-40
CUST0926,Customer_926,Female,56,City_26,Medium,41-60
CUST0927,Customer_927,Female,19,City_27,Low,Under 25
CUST0928,Customer_928,Male,55,City_28,Low,41-60
CUST0929,Customer_929,Female,56,City_29,Medium,41-60
CUST0930,Customer_930,Female,43,City_30,High,41-60
CUST0931,Customer_931,Other,63,City_31,Low,60+
CUST0932,Customer_932,Other,32,City_32,Low,25-40
CUST0933,Customer_933,Other,51,City_33,Medium,41-60
CUST0934,Customer_934,Other,59,City_34,High,41-60
CUST0935,Customer_935,Other,61,City_35,Low,60+
CUST0936,Customer_936,Other,57,City_36,Medium,41-60
CUST0937,Customer_937,Female,28,City_37,High,25-40
CUST0938,Customer_938,Other,20,City_38,Low,Under 25
CUST0939,Customer_939,Other,23,City_39,Low,Under 25
CUST0940,Customer_940,Male,26,City_40,Medium,25-40
CUST0941,Customer_941,Female,23,City_41,High,Under 25
CUST0942,Customer_942,Female,26,City_42,Low,25-40
CUST0943,Customer_943,Female,56,City_43,Medium,41-60
CUST0944,Customer_944,Other,48,City_44,Medium,41-60
CUST0945,Customer_945,Other,49,City_45,Medium,41-60
CUST0946,Customer_946,Other,58,City_46,Medium,41-60
CUST0947,Customer_947,Male,29,City_47,Medium,25-40
CUST0948,Customer_948,Other,25,City_48,Medium,25-40
CUST0949,Customer_949,Male,25,City_49,Medium,25-40
CUST0950,Customer_950,Female,45,City_50,Medium,41-60
CUST0951,Customer_951,Other,37,City_51,Medium,25-40
CUST0952,Customer_952,Male,64,City_52,High,60+
CUST0953,Customer_953,Male,24,City_53,Low,Under 25
CUST0954,Customer_954,Other,28,City_54,High,25-40
CUST0955,Customer_955,Female,37,City_55,High,25-40
CUST0956,Customer_956,Female,33,City_56,Low,25-40
CUST0957,Customer_957,Female,21,City_57,Medium,Under 25
CUST0958,Customer_958,Male,23,City_58,Medium,Under 25
CUST0959,Customer_959,Male,39,City_59,Low,25-40
CUST0960,Customer_960,Male,43,City_60,Medium,41-60
CUST0961,Customer_961,Male,20,City_61,Low,Under 25
CUST0962,Customer_962,Female,58,City_62,Low,41-60
CUST0963,Customer_963,Other,59,City_63,High,41-60
CUST0964,Customer_964,Male,31,City_64,Low,25-40
CUST0965,Customer_965,Male,28,City_65,High,25-40
CUST0966,Customer_966,Female,35,City_66,Medium,25-40
CUST0967,Customer_967,Other,29,City_67,High,25-40
CUST0968,Customer_968,Other,40,City_68,Medium,25-40
CUST0969,Customer_969,Female,29,City_69,Low,25-40
CUST0970,Customer_970,Female,30,City_70,Medium,25-40
CUST0971,Customer_971,Other,42,City_71,Low,41-60
CUST0972,Customer_972,Male,62,City_72,Medium,60+
CUST0973,Customer_973,Other,36,City_73,High,25-40
CUST0974,Customer_974,Female,63,City_74,Low,60+
CUST0975,Customer_975,Male,53,City_75,Medium,41-60
CUST0976,Customer_976,Male,62,City_76,Medium,60+
CUST0977,Customer_977,Female,25,City_77,High,25-40
CUST0978,Customer_978,Female,46,City_78,Medium,41-60
CUST0979,Customer_979,Female,49,City_79,Low,41-60
CUST0980,Customer_980,Other,61,City_80,Medium,60+
CUST0981,Customer_981,Other,35,City_81,Low,25-40
CUST0982,Customer_982,Male,23,City_82,Medium,Under 25
CUST0983,Customer_983,Female,35,City_83,High,25-40
CUST0984,Customer_984,Male,36,City_84,Medium,25-40
CUST0985,Customer_985,Male,39,City_85,High,25-40
CUST0986,Customer_986,Male,54,City_86,Low,41-60
CUST0987,Customer_987,Male,49,City_87,Medium,41-60
CUST0988,Customer_988,Female,58,City_88,High,41-60
CUST0989,Customer_989,Male,20,City_89,Low,Under 25
CUST0990,Customer_990,Female,45,City_90,High,41-60
CUST0991,Customer_991,Female,27,City_91,Low,25-40
CUST0992,Customer_992,Other,52,City_92,Medium,41-60
CUST0993,Customer_993,Female,46,City_93,High,41-60
CUST0994,Customer_994,Other,32,City_94,Medium,25-40
CUST0995,Customer_995,Female,50,City_95,Low,41-60
CUST0996,Customer_996,Female,24,City_96,Medium,Under 25
CUST0997,Customer_997,Female,29,City_97,Medium,25-40
CUST0998,Customer_998,Other,47,City_98,High,41-60
CUST0999,Customer_999,Other,38,City_99,Medium,25-40
CUST1000,Customer_1000,Male,48,City_0,Medium,41-60
